<?xml version="1.0" encoding="UTF-8"?><module codename="org.netbeans.modules.sampler">
    <module_version install_time="1342533822916" last="true" origin="installer" specification_version="1.1.1">
        <file crc="3630527653" name="config/Modules/org-netbeans-modules-sampler.xml"/>
        <file crc="47295372" name="modules/locale/org-netbeans-modules-sampler_ja.jar"/>
        <file crc="137895166" name="modules/locale/org-netbeans-modules-sampler_pt_BR.jar"/>
        <file crc="1896000283" name="modules/locale/org-netbeans-modules-sampler_ru.jar"/>
        <file crc="2478539897" name="modules/locale/org-netbeans-modules-sampler_zh_CN.jar"/>
        <file crc="3336420908" name="modules/org-netbeans-modules-sampler.jar"/>
    </module_version>
</module>
