<?xml version="1.0" encoding="UTF-8"?><module codename="org.openide.loaders">
    <module_version install_time="1342533774215" last="true" origin="installer" specification_version="7.37.1">
        <file crc="3523985554" name="config/ModuleAutoDeps/org-openide-loaders.xml"/>
        <file crc="3241200" name="config/Modules/org-openide-loaders.xml"/>
        <file crc="1906888511" name="modules/locale/org-openide-loaders_ja.jar"/>
        <file crc="2222391188" name="modules/locale/org-openide-loaders_pt_BR.jar"/>
        <file crc="1516810129" name="modules/locale/org-openide-loaders_ru.jar"/>
        <file crc="3267064518" name="modules/locale/org-openide-loaders_zh_CN.jar"/>
        <file crc="236131077" name="modules/org-openide-loaders.jar"/>
    </module_version>
</module>
