<?xml version="1.0" encoding="UTF-8"?><module codename="org.netbeans.libs.jna/1">
    <module_version install_time="1342533809065" last="true" origin="installer" specification_version="1.21.1">
        <file crc="1637808577" name="config/Modules/org-netbeans-libs-jna.xml"/>
        <file crc="198839373" name="modules/ext/jna-3.4.0.jar"/>
        <file crc="4123392542" name="modules/lib/amd64/jnidispatch-340.dll"/>
        <file crc="2243223952" name="modules/lib/amd64/linux/libjnidispatch-340.so"/>
        <file crc="3431670608" name="modules/lib/i386/linux/libjnidispatch-340.so"/>
        <file crc="2310303239" name="modules/lib/libjnidispatch-340.jnilib"/>
        <file crc="1569335712" name="modules/lib/x86/jnidispatch-340.dll"/>
        <file crc="775424085" name="modules/locale/org-netbeans-libs-jna_ja.jar"/>
        <file crc="675954592" name="modules/locale/org-netbeans-libs-jna_pt_BR.jar"/>
        <file crc="1590255078" name="modules/locale/org-netbeans-libs-jna_ru.jar"/>
        <file crc="6122560" name="modules/locale/org-netbeans-libs-jna_zh_CN.jar"/>
        <file crc="1958678411" name="modules/org-netbeans-libs-jna.jar"/>
    </module_version>
</module>
