<?xml version="1.0" encoding="UTF-8"?><module codename="org.netbeans.libs.felix">
    <module_version install_time="1342533832163" last="true" origin="installer" specification_version="2.3.1">
        <file crc="1327048437" name="config/Modules/org-netbeans-libs-felix.xml"/>
        <file crc="96787087" name="modules/ext/felix-4.0.2.jar"/>
        <file crc="4230692689" name="modules/locale/org-netbeans-libs-felix_ja.jar"/>
        <file crc="3966908305" name="modules/locale/org-netbeans-libs-felix_pt_BR.jar"/>
        <file crc="1290968641" name="modules/locale/org-netbeans-libs-felix_ru.jar"/>
        <file crc="1126711211" name="modules/locale/org-netbeans-libs-felix_zh_CN.jar"/>
        <file crc="3156955334" name="modules/org-netbeans-libs-felix.jar"/>
    </module_version>
</module>
