<?xml version="1.0" encoding="UTF-8"?><module codename="org.openide.io">
    <module_version install_time="1342533739347" last="true" origin="installer" specification_version="1.31.1">
        <file crc="3834804485" name="config/Modules/org-openide-io.xml"/>
        <file crc="1821590976" name="modules/locale/org-openide-io_ja.jar"/>
        <file crc="1027696812" name="modules/locale/org-openide-io_pt_BR.jar"/>
        <file crc="1938717008" name="modules/locale/org-openide-io_ru.jar"/>
        <file crc="3869719932" name="modules/locale/org-openide-io_zh_CN.jar"/>
        <file crc="2717583370" name="modules/org-openide-io.jar"/>
    </module_version>
</module>
