<?xml version="1.0" encoding="UTF-8"?><module codename="org.netbeans.core.netigso">
    <module_version install_time="1342533830458" last="true" origin="installer" specification_version="1.16.1">
        <file crc="3723901005" name="config/Modules/org-netbeans-core-netigso.xml"/>
        <file crc="652704953" name="modules/locale/org-netbeans-core-netigso_ja.jar"/>
        <file crc="1740187958" name="modules/locale/org-netbeans-core-netigso_pt_BR.jar"/>
        <file crc="1019370807" name="modules/locale/org-netbeans-core-netigso_ru.jar"/>
        <file crc="2428299818" name="modules/locale/org-netbeans-core-netigso_zh_CN.jar"/>
        <file crc="475585806" name="modules/org-netbeans-core-netigso.jar"/>
    </module_version>
</module>
