<?xml version="1.0" encoding="UTF-8"?><module codename="org.netbeans.core.multiview/1">
    <module_version install_time="1342533740894" last="true" origin="installer" specification_version="1.29.1">
        <file crc="3216778929" name="config/Modules/org-netbeans-core-multiview.xml"/>
        <file crc="1250951059" name="modules/locale/org-netbeans-core-multiview_ja.jar"/>
        <file crc="1823681899" name="modules/locale/org-netbeans-core-multiview_pt_BR.jar"/>
        <file crc="3269751544" name="modules/locale/org-netbeans-core-multiview_ru.jar"/>
        <file crc="3735257079" name="modules/locale/org-netbeans-core-multiview_zh_CN.jar"/>
        <file crc="2573505413" name="modules/org-netbeans-core-multiview.jar"/>
    </module_version>
</module>
