<?xml version="1.0" encoding="UTF-8"?><module codename="org.netbeans.modules.masterfs.macosx">
    <module_version install_time="1342533754642" last="true" origin="installer" specification_version="1.1.1">
        <file crc="4284776310" name="config/Modules/org-netbeans-modules-masterfs-macosx.xml"/>
        <file crc="1582597206" name="modules/locale/org-netbeans-modules-masterfs-macosx_ja.jar"/>
        <file crc="726625688" name="modules/locale/org-netbeans-modules-masterfs-macosx_pt_BR.jar"/>
        <file crc="3383991447" name="modules/locale/org-netbeans-modules-masterfs-macosx_ru.jar"/>
        <file crc="2235611034" name="modules/locale/org-netbeans-modules-masterfs-macosx_zh_CN.jar"/>
        <file crc="3659306982" name="modules/org-netbeans-modules-masterfs-macosx.jar"/>
    </module_version>
</module>
