<?xml version="1.0" encoding="UTF-8"?><module codename="org.openide.dialogs">
    <module_version install_time="1342533795686" last="true" origin="installer" specification_version="7.25.1">
        <file crc="807629635" name="config/Modules/org-openide-dialogs.xml"/>
        <file crc="954044997" name="modules/locale/org-openide-dialogs_ja.jar"/>
        <file crc="1145220836" name="modules/locale/org-openide-dialogs_pt_BR.jar"/>
        <file crc="1283448336" name="modules/locale/org-openide-dialogs_ru.jar"/>
        <file crc="1787204717" name="modules/locale/org-openide-dialogs_zh_CN.jar"/>
        <file crc="3362431182" name="modules/org-openide-dialogs.jar"/>
    </module_version>
</module>
