<?xml version="1.0" encoding="UTF-8"?><module codename="org.openide.awt">
    <module_version install_time="1342533833673" last="true" origin="installer" specification_version="7.46.1">
        <file crc="3208246121" name="config/Modules/org-openide-awt.xml"/>
        <file crc="1740496392" name="modules/locale/org-openide-awt_ja.jar"/>
        <file crc="24186922" name="modules/locale/org-openide-awt_pt_BR.jar"/>
        <file crc="1389246956" name="modules/locale/org-openide-awt_ru.jar"/>
        <file crc="2556582433" name="modules/locale/org-openide-awt_zh_CN.jar"/>
        <file crc="3018099363" name="modules/org-openide-awt.jar"/>
    </module_version>
</module>
