<?xml version="1.0" encoding="UTF-8"?><module codename="org.netbeans.modules.options.keymap">
    <module_version install_time="1342533813635" last="true" origin="installer" specification_version="1.19.1">
        <file crc="2363851279" name="config/Modules/org-netbeans-modules-options-keymap.xml"/>
        <file crc="2249047835" name="modules/locale/org-netbeans-modules-options-keymap_ja.jar"/>
        <file crc="258731858" name="modules/locale/org-netbeans-modules-options-keymap_pt_BR.jar"/>
        <file crc="178889112" name="modules/locale/org-netbeans-modules-options-keymap_ru.jar"/>
        <file crc="177279464" name="modules/locale/org-netbeans-modules-options-keymap_zh_CN.jar"/>
        <file crc="3255106368" name="modules/org-netbeans-modules-options-keymap.jar"/>
    </module_version>
</module>
