<?xml version="1.0" encoding="UTF-8"?><module codename="org.netbeans.modules.settings/1">
    <module_version install_time="1342533765156" last="true" origin="installer" specification_version="1.35.1">
        <file crc="554047262" name="config/Modules/org-netbeans-modules-settings.xml"/>
        <file crc="3483055122" name="modules/locale/org-netbeans-modules-settings_ja.jar"/>
        <file crc="4284152293" name="modules/locale/org-netbeans-modules-settings_pt_BR.jar"/>
        <file crc="124447526" name="modules/locale/org-netbeans-modules-settings_ru.jar"/>
        <file crc="2123256024" name="modules/locale/org-netbeans-modules-settings_zh_CN.jar"/>
        <file crc="2162996638" name="modules/org-netbeans-modules-settings.jar"/>
    </module_version>
</module>
