<?xml version="1.0" encoding="UTF-8"?><module codename="org.netbeans.modules.editor.mimelookup/1">
    <module_version install_time="1342533745575" last="true" origin="installer" specification_version="1.26.1">
        <file crc="244035803" name="config/Modules/org-netbeans-modules-editor-mimelookup.xml"/>
        <file crc="3923958689" name="modules/locale/org-netbeans-modules-editor-mimelookup_ja.jar"/>
        <file crc="2321326790" name="modules/locale/org-netbeans-modules-editor-mimelookup_pt_BR.jar"/>
        <file crc="321426978" name="modules/locale/org-netbeans-modules-editor-mimelookup_ru.jar"/>
        <file crc="2725869392" name="modules/locale/org-netbeans-modules-editor-mimelookup_zh_CN.jar"/>
        <file crc="1148565317" name="modules/org-netbeans-modules-editor-mimelookup.jar"/>
    </module_version>
</module>
