<?xml version="1.0" encoding="UTF-8"?><module codename="org.netbeans.core.nativeaccess/1">
    <module_version install_time="1342533759213" last="true" origin="installer" specification_version="1.16.1">
        <file crc="1370516056" name="config/Modules/org-netbeans-core-nativeaccess.xml"/>
        <file crc="3857359608" name="modules/ext/platform-3.4.0.jar"/>
        <file crc="3322078182" name="modules/locale/org-netbeans-core-nativeaccess_ja.jar"/>
        <file crc="3108972161" name="modules/locale/org-netbeans-core-nativeaccess_pt_BR.jar"/>
        <file crc="3130649657" name="modules/locale/org-netbeans-core-nativeaccess_ru.jar"/>
        <file crc="3975844518" name="modules/locale/org-netbeans-core-nativeaccess_zh_CN.jar"/>
        <file crc="2806362912" name="modules/org-netbeans-core-nativeaccess.jar"/>
    </module_version>
</module>
