<?xml version="1.0" encoding="UTF-8"?><module codename="org.openide.windows">
    <module_version install_time="1342533785160" last="true" origin="installer" specification_version="6.55.1">
        <file crc="3877728110" name="config/Modules/org-openide-windows.xml"/>
        <file crc="1764621461" name="modules/locale/org-openide-windows_ja.jar"/>
        <file crc="2607715346" name="modules/locale/org-openide-windows_pt_BR.jar"/>
        <file crc="2564536182" name="modules/locale/org-openide-windows_ru.jar"/>
        <file crc="2071834057" name="modules/locale/org-openide-windows_zh_CN.jar"/>
        <file crc="2776045950" name="modules/org-openide-windows.jar"/>
    </module_version>
</module>
