<?xml version="1.0" encoding="UTF-8"?><module codename="org.openide.actions">
    <module_version install_time="1342533824433" last="true" origin="installer" specification_version="6.26.1">
        <file crc="3556488737" name="config/Modules/org-openide-actions.xml"/>
        <file crc="2025945369" name="modules/locale/org-openide-actions_ja.jar"/>
        <file crc="3073023040" name="modules/locale/org-openide-actions_pt_BR.jar"/>
        <file crc="3994327256" name="modules/locale/org-openide-actions_ru.jar"/>
        <file crc="2347111447" name="modules/locale/org-openide-actions_zh_CN.jar"/>
        <file crc="1648172975" name="modules/org-openide-actions.jar"/>
    </module_version>
</module>
