<?xml version="1.0" encoding="UTF-8"?><module codename="org.netbeans.spi.quicksearch">
    <module_version install_time="1342533816927" last="true" origin="installer" specification_version="1.14.1">
        <file crc="2420451830" name="config/Modules/org-netbeans-spi-quicksearch.xml"/>
        <file crc="2397670390" name="modules/locale/org-netbeans-spi-quicksearch_ja.jar"/>
        <file crc="2726937049" name="modules/locale/org-netbeans-spi-quicksearch_pt_BR.jar"/>
        <file crc="2689271339" name="modules/locale/org-netbeans-spi-quicksearch_ru.jar"/>
        <file crc="2460485296" name="modules/locale/org-netbeans-spi-quicksearch_zh_CN.jar"/>
        <file crc="3446167487" name="modules/org-netbeans-spi-quicksearch.jar"/>
    </module_version>
</module>
