<?xml version="1.0" encoding="UTF-8"?><module codename="org.openide.modules">
    <module_version install_time="1342533838320" last="true" origin="installer" specification_version="7.32.1">
        <file crc="1391508081" name="config/ModuleAutoDeps/org-openide-modules.xml"/>
        <file crc="2712730904" name="lib/locale/org-openide-modules_ja.jar"/>
        <file crc="3526183576" name="lib/locale/org-openide-modules_pt_BR.jar"/>
        <file crc="3771842942" name="lib/locale/org-openide-modules_ru.jar"/>
        <file crc="372066513" name="lib/locale/org-openide-modules_zh_CN.jar"/>
        <file crc="3674707647" name="lib/org-openide-modules.jar"/>
    </module_version>
</module>
