<?xml version="1.0" encoding="UTF-8"?><module codename="org.netbeans.core.osgi">
    <module_version install_time="1342533794232" last="true" origin="installer" specification_version="1.9.1">
        <file crc="4106410406" name="config/Modules/org-netbeans-core-osgi.xml"/>
        <file crc="247102751" name="modules/locale/org-netbeans-core-osgi_ja.jar"/>
        <file crc="4177557710" name="modules/locale/org-netbeans-core-osgi_pt_BR.jar"/>
        <file crc="3470527058" name="modules/locale/org-netbeans-core-osgi_ru.jar"/>
        <file crc="2647151260" name="modules/locale/org-netbeans-core-osgi_zh_CN.jar"/>
        <file crc="299558139" name="modules/org-netbeans-core-osgi.jar"/>
    </module_version>
</module>
