<?xml version="1.0" encoding="UTF-8"?><module codename="org.netbeans.modules.keyring.impl">
    <module_version install_time="1342533803184" last="true" origin="installer" specification_version="1.7.1">
        <file crc="729697579" name="config/Modules/org-netbeans-modules-keyring-impl.xml"/>
        <file crc="1496381250" name="modules/locale/org-netbeans-modules-keyring-impl_ja.jar"/>
        <file crc="1993125340" name="modules/locale/org-netbeans-modules-keyring-impl_pt_BR.jar"/>
        <file crc="4256332097" name="modules/locale/org-netbeans-modules-keyring-impl_ru.jar"/>
        <file crc="3218326911" name="modules/locale/org-netbeans-modules-keyring-impl_zh_CN.jar"/>
        <file crc="2799362244" name="modules/org-netbeans-modules-keyring-impl.jar"/>
    </module_version>
</module>
