<?xml version="1.0" encoding="UTF-8"?><module codename="org.netbeans.modules.queries/1">
    <module_version install_time="1342533756148" last="true" origin="installer" specification_version="1.28.1">
        <file crc="28992633" name="config/ModuleAutoDeps/org-netbeans-modules-queries.xml"/>
        <file crc="4168841736" name="config/Modules/org-netbeans-modules-queries.xml"/>
        <file crc="1144647111" name="modules/locale/org-netbeans-modules-queries_ja.jar"/>
        <file crc="385962859" name="modules/locale/org-netbeans-modules-queries_pt_BR.jar"/>
        <file crc="2135292314" name="modules/locale/org-netbeans-modules-queries_ru.jar"/>
        <file crc="3016164415" name="modules/locale/org-netbeans-modules-queries_zh_CN.jar"/>
        <file crc="2080333150" name="modules/org-netbeans-modules-queries.jar"/>
    </module_version>
</module>
