<?xml version="1.0" encoding="UTF-8"?><module codename="org.netbeans.modules.javahelp/1">
    <module_version install_time="1342533804895" last="true" origin="installer" specification_version="2.27.1">
        <file crc="3126457443" name="config/Modules/org-netbeans-modules-javahelp.xml"/>
        <file crc="3125108413" name="modules/ext/jhall-2.0_05.jar"/>
        <file crc="3373013896" name="modules/locale/org-netbeans-modules-javahelp_ja.jar"/>
        <file crc="4213933925" name="modules/locale/org-netbeans-modules-javahelp_pt_BR.jar"/>
        <file crc="1303724817" name="modules/locale/org-netbeans-modules-javahelp_ru.jar"/>
        <file crc="2160013820" name="modules/locale/org-netbeans-modules-javahelp_zh_CN.jar"/>
        <file crc="1961088985" name="modules/org-netbeans-modules-javahelp.jar"/>
    </module_version>
</module>
