<?xml version="1.0" encoding="UTF-8"?><module codename="org.netbeans.api.search">
    <module_version install_time="1342533798684" last="true" origin="installer" specification_version="1.2.1">
        <file crc="3710953649" name="config/Modules/org-netbeans-api-search.xml"/>
        <file crc="3871898471" name="modules/locale/org-netbeans-api-search_ja.jar"/>
        <file crc="1193376318" name="modules/locale/org-netbeans-api-search_pt_BR.jar"/>
        <file crc="1506846766" name="modules/locale/org-netbeans-api-search_ru.jar"/>
        <file crc="972285984" name="modules/locale/org-netbeans-api-search_zh_CN.jar"/>
        <file crc="2115367777" name="modules/org-netbeans-api-search.jar"/>
    </module_version>
</module>
