<?xml version="1.0" encoding="UTF-8"?><module codename="org.netbeans.modules.print">
    <module_version install_time="1342533757688" last="true" origin="installer" specification_version="7.13.1">
        <file crc="4146358971" name="config/Modules/org-netbeans-modules-print.xml"/>
        <file crc="2640984857" name="modules/locale/org-netbeans-modules-print_ja.jar"/>
        <file crc="3221765223" name="modules/locale/org-netbeans-modules-print_pt_BR.jar"/>
        <file crc="3862274911" name="modules/locale/org-netbeans-modules-print_ru.jar"/>
        <file crc="2164645788" name="modules/locale/org-netbeans-modules-print_zh_CN.jar"/>
        <file crc="464927441" name="modules/org-netbeans-modules-print.jar"/>
    </module_version>
</module>
