<?xml version="1.0" encoding="UTF-8"?><module codename="org.netbeans.api.annotations.common/1">
    <module_version install_time="1342533810639" last="true" origin="installer" specification_version="1.14.1">
        <file crc="1285559856" name="config/Modules/org-netbeans-api-annotations-common.xml"/>
        <file crc="2893365927" name="modules/locale/org-netbeans-api-annotations-common_ja.jar"/>
        <file crc="986592534" name="modules/locale/org-netbeans-api-annotations-common_pt_BR.jar"/>
        <file crc="2829465297" name="modules/locale/org-netbeans-api-annotations-common_ru.jar"/>
        <file crc="3963778272" name="modules/locale/org-netbeans-api-annotations-common_zh_CN.jar"/>
        <file crc="2994399169" name="modules/org-netbeans-api-annotations-common.jar"/>
    </module_version>
</module>
