<?xml version="1.0" encoding="UTF-8"?><module codename="org.netbeans.core.ui/1">
    <module_version install_time="1342533797142" last="true" origin="installer" specification_version="1.31.1">
        <file crc="3186674130" name="config/Modules/org-netbeans-core-ui.xml"/>
        <file crc="3328750689" name="modules/locale/org-netbeans-core-ui_ja.jar"/>
        <file crc="1066370753" name="modules/locale/org-netbeans-core-ui_pt_BR.jar"/>
        <file crc="2444279530" name="modules/locale/org-netbeans-core-ui_ru.jar"/>
        <file crc="1684424153" name="modules/locale/org-netbeans-core-ui_zh_CN.jar"/>
        <file crc="1384339984" name="modules/org-netbeans-core-ui.jar"/>
    </module_version>
</module>
