<?xml version="1.0" encoding="UTF-8"?><module codename="org.netbeans.modules.keyring">
    <module_version install_time="1342533828998" last="true" origin="installer" specification_version="1.11.1">
        <file crc="3581559990" name="config/Modules/org-netbeans-modules-keyring.xml"/>
        <file crc="4249434079" name="modules/locale/org-netbeans-modules-keyring_ja.jar"/>
        <file crc="4121567818" name="modules/locale/org-netbeans-modules-keyring_pt_BR.jar"/>
        <file crc="1155435167" name="modules/locale/org-netbeans-modules-keyring_ru.jar"/>
        <file crc="4209939350" name="modules/locale/org-netbeans-modules-keyring_zh_CN.jar"/>
        <file crc="2202001716" name="modules/org-netbeans-modules-keyring.jar"/>
    </module_version>
</module>
