<?xml version="1.0" encoding="UTF-8"?><module codename="org.netbeans.modules.progress.ui">
    <module_version install_time="1342533791216" last="true" origin="installer" specification_version="1.20.1">
        <file crc="3222128542" name="config/Modules/org-netbeans-modules-progress-ui.xml"/>
        <file crc="2781967208" name="modules/locale/org-netbeans-modules-progress-ui_ja.jar"/>
        <file crc="1431631729" name="modules/locale/org-netbeans-modules-progress-ui_pt_BR.jar"/>
        <file crc="3108574693" name="modules/locale/org-netbeans-modules-progress-ui_ru.jar"/>
        <file crc="3800336625" name="modules/locale/org-netbeans-modules-progress-ui_zh_CN.jar"/>
        <file crc="17843670" name="modules/org-netbeans-modules-progress-ui.jar"/>
    </module_version>
</module>
