<?xml version="1.0" encoding="UTF-8"?><module codename="org.netbeans.core.output2/1">
    <module_version install_time="1342533747069" last="true" origin="installer" specification_version="1.26.1">
        <file crc="1198063063" name="config/Modules/org-netbeans-core-output2.xml"/>
        <file crc="4218707168" name="modules/locale/org-netbeans-core-output2_ja.jar"/>
        <file crc="2113221943" name="modules/locale/org-netbeans-core-output2_pt_BR.jar"/>
        <file crc="2511157580" name="modules/locale/org-netbeans-core-output2_ru.jar"/>
        <file crc="3855774198" name="modules/locale/org-netbeans-core-output2_zh_CN.jar"/>
        <file crc="31680738" name="modules/org-netbeans-core-output2.jar"/>
    </module_version>
</module>
