<?xml version="1.0" encoding="UTF-8"?><module codename="org.netbeans.modules.applemenu/1">
    <module_version install_time="1342533827424" last="true" origin="installer" specification_version="1.24.1">
        <file crc="2121659589" name="config/Modules/org-netbeans-modules-applemenu.xml"/>
        <file crc="3110812729" name="modules/locale/org-netbeans-modules-applemenu_ja.jar"/>
        <file crc="3329849644" name="modules/locale/org-netbeans-modules-applemenu_pt_BR.jar"/>
        <file crc="1542024769" name="modules/locale/org-netbeans-modules-applemenu_ru.jar"/>
        <file crc="1899506822" name="modules/locale/org-netbeans-modules-applemenu_zh_CN.jar"/>
        <file crc="603776881" name="modules/org-netbeans-modules-applemenu.jar"/>
    </module_version>
</module>
