<?xml version="1.0" encoding="UTF-8"?><module codename="org.openide.text">
    <module_version install_time="1342533775738" last="true" origin="installer" specification_version="6.49.1">
        <file crc="2441864466" name="config/ModuleAutoDeps/org-openide-text.xml"/>
        <file crc="1795978028" name="config/Modules/org-openide-text.xml"/>
        <file crc="1993604253" name="modules/locale/org-openide-text_ja.jar"/>
        <file crc="611126848" name="modules/locale/org-openide-text_pt_BR.jar"/>
        <file crc="3996052292" name="modules/locale/org-openide-text_ru.jar"/>
        <file crc="2154348569" name="modules/locale/org-openide-text_zh_CN.jar"/>
        <file crc="328636949" name="modules/org-openide-text.jar"/>
    </module_version>
</module>
