<?xml version="1.0" encoding="UTF-8"?><module codename="org.netbeans.swing.outline">
    <module_version install_time="1342533768168" last="true" origin="installer" specification_version="1.20.1">
        <file crc="3679534386" name="config/Modules/org-netbeans-swing-outline.xml"/>
        <file crc="3398097652" name="modules/locale/org-netbeans-swing-outline_ja.jar"/>
        <file crc="3755150649" name="modules/locale/org-netbeans-swing-outline_pt_BR.jar"/>
        <file crc="4017946481" name="modules/locale/org-netbeans-swing-outline_ru.jar"/>
        <file crc="3474195246" name="modules/locale/org-netbeans-swing-outline_zh_CN.jar"/>
        <file crc="892769373" name="modules/org-netbeans-swing-outline.jar"/>
    </module_version>
</module>
