<?xml version="1.0" encoding="UTF-8"?><module codename="org.openide.util">
    <module_version install_time="1342533737875" last="true" origin="installer" specification_version="8.25.1">
        <file crc="3298874072" name="config/ModuleAutoDeps/org-openide-util.xml"/>
        <file crc="2410014522" name="lib/locale/org-openide-util_ja.jar"/>
        <file crc="3135063688" name="lib/locale/org-openide-util_pt_BR.jar"/>
        <file crc="2475017437" name="lib/locale/org-openide-util_ru.jar"/>
        <file crc="3089447598" name="lib/locale/org-openide-util_zh_CN.jar"/>
        <file crc="3836629049" name="lib/org-openide-util.jar"/>
    </module_version>
</module>
