<?xml version="1.0" encoding="UTF-8"?><module codename="org.netbeans.modules.sendopts/2">
    <module_version install_time="1342533786644" last="true" origin="installer" specification_version="2.22.1">
        <file crc="3090052921" name="config/Modules/org-netbeans-modules-sendopts.xml"/>
        <file crc="1817948534" name="modules/locale/org-netbeans-modules-sendopts_ja.jar"/>
        <file crc="3101764523" name="modules/locale/org-netbeans-modules-sendopts_pt_BR.jar"/>
        <file crc="1064380179" name="modules/locale/org-netbeans-modules-sendopts_ru.jar"/>
        <file crc="3349742004" name="modules/locale/org-netbeans-modules-sendopts_zh_CN.jar"/>
        <file crc="1949565418" name="modules/org-netbeans-modules-sendopts.jar"/>
    </module_version>
</module>
