<?xml version="1.0" encoding="UTF-8"?><module codename="org.netbeans.core.windows/2">
    <module_version install_time="1342533744000" last="true" origin="installer" specification_version="2.49.1">
        <file crc="1059846727" name="config/Modules/org-netbeans-core-windows.xml"/>
        <file crc="4080625300" name="modules/locale/org-netbeans-core-windows_ja.jar"/>
        <file crc="3219416023" name="modules/locale/org-netbeans-core-windows_pt_BR.jar"/>
        <file crc="3263384671" name="modules/locale/org-netbeans-core-windows_ru.jar"/>
        <file crc="3435395342" name="modules/locale/org-netbeans-core-windows_zh_CN.jar"/>
        <file crc="3819733786" name="modules/org-netbeans-core-windows.jar"/>
    </module_version>
</module>
