<?xml version="1.0" encoding="UTF-8"?><module codename="org.netbeans.modules.masterfs/2">
    <module_version install_time="1342533750027" last="true" origin="installer" specification_version="2.38.1">
        <file crc="1644917168" name="config/Modules/org-netbeans-modules-masterfs.xml"/>
        <file crc="4057572018" name="modules/locale/org-netbeans-modules-masterfs_ja.jar"/>
        <file crc="425614521" name="modules/locale/org-netbeans-modules-masterfs_pt_BR.jar"/>
        <file crc="4215979895" name="modules/locale/org-netbeans-modules-masterfs_ru.jar"/>
        <file crc="337338230" name="modules/locale/org-netbeans-modules-masterfs_zh_CN.jar"/>
        <file crc="1843919746" name="modules/org-netbeans-modules-masterfs.jar"/>
    </module_version>
</module>
