<?xml version="1.0" encoding="UTF-8"?><module codename="org.netbeans.api.progress/1">
    <module_version install_time="1342533762157" last="true" origin="installer" specification_version="1.28.1">
        <file crc="1605883752" name="config/Modules/org-netbeans-api-progress.xml"/>
        <file crc="3443847149" name="modules/locale/org-netbeans-api-progress_ja.jar"/>
        <file crc="2894704464" name="modules/locale/org-netbeans-api-progress_pt_BR.jar"/>
        <file crc="3779842540" name="modules/locale/org-netbeans-api-progress_ru.jar"/>
        <file crc="2528896813" name="modules/locale/org-netbeans-api-progress_zh_CN.jar"/>
        <file crc="242364289" name="modules/org-netbeans-api-progress.jar"/>
    </module_version>
</module>
