<?xml version="1.0" encoding="UTF-8"?><module codename="org.netbeans.libs.testng/1">
    <module_version install_time="1342533815464" last="true" origin="installer" specification_version="1.1.1">
        <file crc="1204579547" name="config/Modules/org-netbeans-libs-testng.xml"/>
        <file crc="3115247546" name="docs/testng-6.5.1-javadoc.zip"/>
        <file crc="27761222" name="modules/ext/testng-6.5.1-dist.jar"/>
        <file crc="2121125909" name="modules/locale/org-netbeans-libs-testng_ja.jar"/>
        <file crc="1952933430" name="modules/locale/org-netbeans-libs-testng_pt_BR.jar"/>
        <file crc="3082614297" name="modules/locale/org-netbeans-libs-testng_ru.jar"/>
        <file crc="1589141055" name="modules/locale/org-netbeans-libs-testng_zh_CN.jar"/>
        <file crc="1369073136" name="modules/org-netbeans-libs-testng.jar"/>
    </module_version>
</module>
