<?xml version="1.0" encoding="UTF-8"?><module codename="org.netbeans.libs.osgi">
    <module_version install_time="1342533782194" last="true" origin="installer" specification_version="1.9.1">
        <file crc="3882420389" name="config/Modules/org-netbeans-libs-osgi.xml"/>
        <file crc="3805933642" name="modules/ext/osgi.cmpn-4.2.jar"/>
        <file crc="796619270" name="modules/ext/osgi.core-4.3.jar"/>
        <file crc="1853848190" name="modules/locale/org-netbeans-libs-osgi_ja.jar"/>
        <file crc="2585687547" name="modules/locale/org-netbeans-libs-osgi_pt_BR.jar"/>
        <file crc="857225512" name="modules/locale/org-netbeans-libs-osgi_ru.jar"/>
        <file crc="1950443188" name="modules/locale/org-netbeans-libs-osgi_zh_CN.jar"/>
        <file crc="3468133655" name="modules/org-netbeans-libs-osgi.jar"/>
    </module_version>
</module>
