<?xml version="1.0" encoding="UTF-8"?><module codename="org.netbeans.swing.tabcontrol">
    <module_version install_time="1342533763694" last="true" origin="installer" specification_version="1.36.1">
        <file crc="327432460" name="config/Modules/org-netbeans-swing-tabcontrol.xml"/>
        <file crc="4116307133" name="modules/locale/org-netbeans-swing-tabcontrol_ja.jar"/>
        <file crc="3703454656" name="modules/locale/org-netbeans-swing-tabcontrol_pt_BR.jar"/>
        <file crc="97486935" name="modules/locale/org-netbeans-swing-tabcontrol_ru.jar"/>
        <file crc="2866532465" name="modules/locale/org-netbeans-swing-tabcontrol_zh_CN.jar"/>
        <file crc="1783811694" name="modules/org-netbeans-swing-tabcontrol.jar"/>
    </module_version>
</module>
