<?xml version="1.0" encoding="UTF-8"?><module codename="org.netbeans.modules.masterfs.linux">
    <module_version install_time="1342533771229" last="true" origin="installer" specification_version="1.1.1">
        <file crc="367044464" name="config/Modules/org-netbeans-modules-masterfs-linux.xml"/>
        <file crc="1400502925" name="modules/locale/org-netbeans-modules-masterfs-linux_ja.jar"/>
        <file crc="2817252123" name="modules/locale/org-netbeans-modules-masterfs-linux_pt_BR.jar"/>
        <file crc="3646097541" name="modules/locale/org-netbeans-modules-masterfs-linux_ru.jar"/>
        <file crc="1381043053" name="modules/locale/org-netbeans-modules-masterfs-linux_zh_CN.jar"/>
        <file crc="4040606478" name="modules/org-netbeans-modules-masterfs-linux.jar"/>
    </module_version>
</module>
