<?xml version="1.0" encoding="UTF-8"?><module codename="zPerfLibrary">
    <module_version install_time="1352393804956" last="true" origin="installer" specification_version="1.0">
        <file crc="3869573786" name="config/Modules/zPerfLibrary.xml"/>
        <file crc="2803060280" name="modules/ext/jcalendar-1.3.3.jar"/>
        <file crc="2188119779" name="modules/ext/jchart2d-3.2.2.jar"/>
        <file crc="1611299145" name="modules/ext/jide-oss-2.9.7.jar"/>
        <file crc="2197124025" name="modules/ext/log4j-1.2.15.jar"/>
        <file crc="1700001035" name="modules/ext/swingx-beaninfo-1.6.2.jar"/>
        <file crc="2548271629" name="modules/ext/swingx-core-1.6.2.jar"/>
        <file crc="1196130674" name="modules/ext/xmlgraphics-commons-1.3.1.jar"/>
        <file crc="4060445813" name="modules/zPerfLibrary.jar"/>
    </module_version>
</module>
